"","ID","Size","Orientation","Match","RT","ACC"
"1","pilot1027001","L","H","N",758.427490234375,100
"2","pilot1027001","L","H","Y",623.289916992188,100
"3","pilot1027001","L","V","N",565.885131835938,100
"4","pilot1027001","L","V","Y",560.464965820312,100
"5","pilot1027001","S","H","N",548.2275390625,85.7142857142857
"6","pilot1027001","S","H","Y",549.577392578125,100
"7","pilot1027001","S","V","N",511.35498046875,77.7777777777778
"8","pilot1027001","S","V","Y",583.329956054688,100
"9","pilot1027002","L","H","N",590.557495117188,92.3076923076923
"10","pilot1027002","L","H","Y",562.9951171875,100
"11","pilot1027002","L","V","N",621.340087890625,100
"12","pilot1027002","L","V","Y",585.727294921875,90.9090909090909
"13","pilot1027002","S","H","N",653.2099609375,71.4285714285714
"14","pilot1027002","S","H","Y",560.62744140625,100
"15","pilot1027002","S","V","N",705.5400390625,100
"16","pilot1027002","S","V","Y",600.339965820312,100
"17","pilot1027003","L","H","N",539.977416992188,100
"18","pilot1027003","L","H","Y",523.929931640625,100
"19","pilot1027003","L","V","N",644.215087890625,75
"20","pilot1027003","L","V","Y",680,100
"21","pilot1027003","S","H","N",583.239990234375,83.3333333333333
"22","pilot1027003","S","H","Y",555.8125,100
"23","pilot1027003","S","V","N",535.945068359375,100
"24","pilot1027003","S","V","Y",749.052490234375,100
"25","pilot1027004","L","H","N",640.9951171875,91.6666666666667
"26","pilot1027004","L","H","Y",617.0400390625,91.6666666666667
"27","pilot1027004","L","V","N",633.467529296875,100
"28","pilot1027004","L","V","Y",664.56494140625,91.6666666666667
"29","pilot1027004","S","H","N",582.472534179688,66.6666666666667
"30","pilot1027004","S","H","Y",659.662475585938,100
"31","pilot1027004","S","V","N",642.369873046875,90
"32","pilot1027004","S","V","Y",588.0048828125,91.6666666666667
"33","pilot1027005","L","H","N",566.912475585938,100
"34","pilot1027005","L","H","Y",496.885009765625,100
"35","pilot1027005","L","V","N",690.005126953125,100
"36","pilot1027005","L","V","Y",678.0048828125,87.5
"37","pilot1027005","S","H","N",655.155029296875,80
"38","pilot1027005","S","H","Y",574.492431640625,100
"39","pilot1027005","S","V","N",624.75146484375,100
"40","pilot1027005","S","V","Y",638.262451171875,83.3333333333333
"41","pilot1027006","L","H","N",567.210083007812,100
"42","pilot1027006","L","H","Y",570.827514648438,90.9090909090909
"43","pilot1027006","L","V","N",553.20751953125,100
"44","pilot1027006","L","V","Y",558.91748046875,76.9230769230769
"45","pilot1027006","S","H","N",616.64501953125,80
"46","pilot1027006","S","H","Y",559.984985351562,100
"47","pilot1027006","S","V","N",611.099853515625,100
"48","pilot1027006","S","V","Y",543.489990234375,100
"49","pilot1027007","L","H","N",698.50244140625,85.7142857142857
"50","pilot1027007","L","H","Y",681.56982421875,75
"51","pilot1027007","L","V","N",705.43505859375,100
"52","pilot1027007","L","V","Y",531,87.5
"53","pilot1027007","S","H","N",488,75
"54","pilot1027007","S","H","Y",628.83740234375,100
"55","pilot1027007","S","V","N",702.712646484375,100
"56","pilot1027007","S","V","Y",566,91.6666666666667
"57","pilot1027008","L","H","N",621.390014648438,83.3333333333333
"58","pilot1027008","L","H","Y",586,100
"59","pilot1027008","L","V","N",615,83.3333333333333
"60","pilot1027008","L","V","Y",528,100
"61","pilot1027008","S","H","N",616.510009765625,100
"62","pilot1027008","S","H","Y",611.572509765625,100
"63","pilot1027008","S","V","N",639.447143554688,100
"64","pilot1027008","S","V","Y",502.595092773438,100
"65","pilot1027009","L","H","N",557.007446289062,85.7142857142857
"66","pilot1027009","L","H","Y",497.840087890625,100
"67","pilot1027009","L","V","N",673.307373046875,100
"68","pilot1027009","L","V","Y",636.927490234375,100
"69","pilot1027009","S","H","N",559.99755859375,66.6666666666667
"70","pilot1027009","S","H","Y",514.43505859375,100
"71","pilot1027009","S","V","N",562.342529296875,83.3333333333333
"72","pilot1027009","S","V","Y",537.93994140625,100
"73","pilot1027010","L","H","N",718.704833984375,100
"74","pilot1027010","L","H","Y",531.59765625,100
"75","pilot1027010","L","V","N",556.552490234375,100
"76","pilot1027010","L","V","Y",633,84.6153846153846
"77","pilot1027010","S","H","N",607.00244140625,66.6666666666667
"78","pilot1027010","S","H","Y",506.9951171875,100
"79","pilot1027010","S","V","N",668,91.6666666666667
"80","pilot1027010","S","V","Y",576.929931640625,100
"81","pilot1027011","L","H","N",528.68505859375,71.4285714285714
"82","pilot1027011","L","H","Y",517.364990234375,100
"83","pilot1027011","L","V","N",564.272338867188,100
"84","pilot1027011","L","V","Y",576.890014648438,100
"85","pilot1027011","S","H","N",570.5,100
"86","pilot1027011","S","H","Y",585.635009765625,100
"87","pilot1027011","S","V","N",565.429931640625,91.6666666666667
"88","pilot1027011","S","V","Y",539.694946289062,72.7272727272727
"89","pilot1027012","L","H","N",672.929931640625,92.3076923076923
"90","pilot1027012","L","H","Y",766.9951171875,71.4285714285714
"91","pilot1027012","L","V","N",521.39990234375,100
"92","pilot1027012","L","V","Y",551.250122070312,76.9230769230769
"93","pilot1027012","S","H","N",628.210083007812,100
"94","pilot1027012","S","H","Y",583.809936523438,85.7142857142857
"95","pilot1027012","S","V","N",661.330078125,91.6666666666667
"96","pilot1027012","S","V","Y",578.039794921875,81.8181818181818
"97","pilot1027013","L","H","N",588.89990234375,83.3333333333333
"98","pilot1027013","L","H","Y",441.377563476562,100
"99","pilot1027013","L","V","N",640.170043945312,100
"100","pilot1027013","L","V","Y",685.87255859375,100
"101","pilot1027013","S","H","N",657.0048828125,100
"102","pilot1027013","S","H","Y",527.369873046875,100
"103","pilot1027013","S","V","N",540.3681640625,100
"104","pilot1027013","S","V","Y",585.222412109375,80
"105","pilot1027014","L","H","N",541.234985351562,100
"106","pilot1027014","L","H","Y",611.9951171875,83.3333333333333
"107","pilot1027014","L","V","N",536.50244140625,100
"108","pilot1027014","L","V","Y",563.484985351562,83.3333333333333
"109","pilot1027014","S","H","N",473,100
"110","pilot1027014","S","H","Y",635.237426757812,88.8888888888889
"111","pilot1027014","S","V","N",636.824951171875,100
"112","pilot1027014","S","V","Y",595.945068359375,70
"113","pilot1027015","L","H","N",662.050048828125,83.3333333333333
"114","pilot1027015","L","H","Y",948,100
"115","pilot1027015","L","V","N",815,77.7777777777778
"116","pilot1027015","L","V","Y",523.64990234375,87.5
"117","pilot1027015","S","H","Y",590.9150390625,100
"118","pilot1027015","S","V","N",445.550048828125,91.6666666666667
"119","pilot1027015","S","V","Y",531.679931640625,77.7777777777778
"120","pilot1027016","L","H","N",659.714965820312,92.3076923076923
"121","pilot1027016","L","H","Y",515.5849609375,83.3333333333333
"122","pilot1027016","L","V","N",575.467529296875,88.8888888888889
"123","pilot1027016","L","V","Y",597,91.6666666666667
"124","pilot1027016","S","H","N",462,100
"125","pilot1027016","S","H","Y",564.5,90
"126","pilot1027016","S","V","N",543.782470703125,83.3333333333333
"127","pilot1027016","S","V","Y",537.894897460938,66.6666666666667
"128","pilot1027017","L","H","N",840.710083007812,80
"129","pilot1027017","L","H","Y",552.06005859375,50
"130","pilot1027017","L","V","N",606,100
"131","pilot1027017","L","V","Y",542.79736328125,100
"132","pilot1027017","S","H","Y",582.464965820312,100
"133","pilot1027017","S","V","N",570.875122070312,100
"134","pilot1027017","S","V","Y",476.179931640625,87.5
"135","pilot1027018","L","H","N",662.629760742188,92.3076923076923
"136","pilot1027018","L","H","Y",532.090087890625,100
"137","pilot1027018","L","V","N",600.224853515625,77.7777777777778
"138","pilot1027018","L","V","Y",631.5,90.9090909090909
"139","pilot1027018","S","H","Y",571.947509765625,100
"140","pilot1027018","S","V","N",561.822509765625,83.3333333333333
"141","pilot1027018","S","V","Y",510.9951171875,87.5
"142","pilot1027019","L","H","N",696.50244140625,100
"143","pilot1027019","L","H","Y",770,100
"144","pilot1027019","L","V","N",628,77.7777777777778
"145","pilot1027019","L","V","Y",544.150024414062,100
"146","pilot1027019","S","H","N",528.942504882812,100
"147","pilot1027019","S","H","Y",599.275024414062,100
"148","pilot1027019","S","V","N",580.58251953125,90.9090909090909
"149","pilot1027019","S","V","Y",479.867553710938,85.7142857142857
"150","pilot1027020","L","H","N",642,91.6666666666667
"151","pilot1027020","L","H","Y",625.387451171875,100
"152","pilot1027020","L","V","N",786.949951171875,77.7777777777778
"153","pilot1027020","L","V","Y",633.364990234375,100
"154","pilot1027020","S","H","N",653.9951171875,100
"155","pilot1027020","S","H","Y",568.812377929688,83.3333333333333
"156","pilot1027020","S","V","N",534.52001953125,100
"157","pilot1027020","S","V","Y",610.30517578125,100
"158","pilot1027021","L","H","N",656,100
"159","pilot1027021","L","H","Y",785.362548828125,100
"160","pilot1027021","L","V","N",615.320068359375,100
"161","pilot1027021","L","V","Y",558.714965820312,100
"162","pilot1027021","S","H","N",570,75
"163","pilot1027021","S","H","Y",629.072509765625,100
"164","pilot1027021","S","V","N",548.794921875,90
"165","pilot1027021","S","V","Y",501.934936523438,100
"166","pilot1027022","L","H","N",722.769775390625,100
"167","pilot1027022","L","H","Y",562.914794921875,100
"168","pilot1027022","L","V","N",655.9951171875,100
"169","pilot1027022","L","V","Y",511.21240234375,90.9090909090909
"170","pilot1027022","S","H","N",559.957641601562,66.6666666666667
"171","pilot1027022","S","H","Y",558.47509765625,91.6666666666667
"172","pilot1027022","S","V","N",510.87255859375,72.7272727272727
"173","pilot1027022","S","V","Y",480,83.3333333333333
"174","pilot1027023","L","H","N",1236.67993164062,33.3333333333333
"175","pilot1027023","L","H","Y",558.994873046875,75
"176","pilot1027023","L","V","N",651,88.8888888888889
"177","pilot1027023","L","V","Y",700.905029296875,87.5
"178","pilot1027023","S","H","N",510.044921875,80
"179","pilot1027023","S","H","Y",572.597412109375,100
"180","pilot1027023","S","V","N",433.0498046875,90
"181","pilot1027023","S","V","Y",492,100
"182","pilot1027024","L","H","N",563.465087890625,100
"183","pilot1027024","L","H","Y",653.294921875,100
"184","pilot1027024","L","V","N",542.172485351562,80
"185","pilot1027024","L","V","Y",607.947509765625,90.9090909090909
"186","pilot1027024","S","H","N",589.844848632812,80
"187","pilot1027024","S","H","Y",593.0400390625,100
"188","pilot1027024","S","V","N",603,90
"189","pilot1027024","S","V","Y",614.297485351562,80
"190","pilot1027025","L","H","N",771,100
"191","pilot1027025","L","H","Y",603.107543945312,80
"192","pilot1027025","L","V","N",598.337524414062,88.8888888888889
"193","pilot1027025","L","V","Y",522.7451171875,100
"194","pilot1027025","S","H","N",598.47509765625,100
"195","pilot1027025","S","H","Y",561.142578125,83.3333333333333
"196","pilot1027025","S","V","N",544.6201171875,77.7777777777778
"197","pilot1027025","S","V","Y",553.175048828125,75
"198","pilot1027026","L","H","N",659.0048828125,90
"199","pilot1027026","L","H","Y",658.29248046875,88.8888888888889
"200","pilot1027026","L","V","N",531.6201171875,90
"201","pilot1027026","L","V","Y",603.409912109375,81.8181818181818
"202","pilot1027026","S","H","N",522,100
"203","pilot1027026","S","H","Y",580.60986328125,91.6666666666667
"204","pilot1027026","S","V","N",509.49755859375,66.6666666666667
"205","pilot1027026","S","V","Y",691.5224609375,100
"206","pilot1027027","L","H","N",908.00244140625,66.6666666666667
"207","pilot1027027","L","H","Y",935.194946289062,80
"208","pilot1027027","L","V","N",600.785034179688,88.8888888888889
"209","pilot1027027","L","V","Y",728.14501953125,85.7142857142857
"210","pilot1027027","S","H","N",607.944946289062,88.8888888888889
"211","pilot1027027","S","H","Y",614.090087890625,91.6666666666667
"212","pilot1027027","S","V","N",482.734985351562,85.7142857142857
"213","pilot1027027","S","V","Y",611.535034179688,100
"214","pilot1027028","L","H","N",625.884887695312,88.8888888888889
"215","pilot1027028","L","H","Y",719.605102539062,100
"216","pilot1027028","L","V","N",649.369873046875,90
"217","pilot1027028","L","V","Y",659.159912109375,100
"218","pilot1027028","S","H","N",577.9951171875,100
"219","pilot1027028","S","H","Y",530.525146484375,91.6666666666667
"220","pilot1027028","S","V","N",415.0048828125,62.5
"221","pilot1027028","S","V","Y",712.675048828125,100
"222","pilot1027029","L","H","N",623,100
"223","pilot1027029","L","H","Y",589.0048828125,100
"224","pilot1027029","L","V","N",698.977416992188,88.8888888888889
"225","pilot1027029","L","V","Y",672.704833984375,100
"226","pilot1027029","S","H","N",587.890014648438,100
"227","pilot1027029","S","H","Y",694.544921875,83.3333333333333
"228","pilot1027029","S","V","N",509.06494140625,100
"229","pilot1027029","S","V","Y",473.29248046875,66.6666666666667
"230","pilot1027030","L","H","N",604.150146484375,100
"231","pilot1027030","L","H","Y",548.832397460938,100
"232","pilot1027030","L","V","N",525.152465820312,80
"233","pilot1027030","L","V","Y",727.127075195312,90.9090909090909
"234","pilot1027030","S","H","N",599.639892578125,100
"235","pilot1027030","S","H","Y",579.02490234375,91.6666666666667
"236","pilot1027030","S","V","N",495.505004882812,85.7142857142857
"237","pilot1027030","S","V","Y",594.0400390625,100
"238","pilot1027031","L","H","N",606.907592773438,100
"239","pilot1027031","L","H","Y",607.35009765625,100
"240","pilot1027031","L","V","N",630.875,77.7777777777778
"241","pilot1027031","L","V","Y",719.109985351562,100
"242","pilot1027031","S","H","N",638.8349609375,100
"243","pilot1027031","S","H","Y",575,83.3333333333333
"244","pilot1027031","S","V","N",503.364990234375,100
"245","pilot1027031","S","V","Y",519.304931640625,100
"246","pilot1027032","L","H","N",596.484985351562,88.8888888888889
"247","pilot1027032","L","H","Y",653.857543945312,100
"248","pilot1027032","L","V","N",544.4599609375,80
"249","pilot1027032","L","V","Y",593,100
"250","pilot1027032","S","H","N",638.4150390625,100
"251","pilot1027032","S","H","Y",652,91.6666666666667
"252","pilot1027032","S","V","N",421.25,83.3333333333333
"253","pilot1027032","S","V","Y",553.429931640625,100
"254","pilot1027033","L","H","N",665.655029296875,100
"255","pilot1027033","L","H","Y",567.0048828125,100
"256","pilot1027033","L","V","N",665.470092773438,88.8888888888889
"257","pilot1027033","L","V","Y",600.900024414062,100
"258","pilot1027033","S","H","N",532.7099609375,91.6666666666667
"259","pilot1027033","S","H","Y",542.239990234375,91.6666666666667
"260","pilot1027033","S","V","N",426.760009765625,100
"261","pilot1027033","S","V","Y",558.25,100
"262","pilot1027034","L","H","N",579.6201171875,77.7777777777778
"263","pilot1027034","L","H","Y",649.050048828125,100
"264","pilot1027034","L","V","N",632.329956054688,72.7272727272727
"265","pilot1027034","L","V","Y",553.4150390625,81.8181818181818
"266","pilot1027034","S","H","N",707.64501953125,100
"267","pilot1027034","S","H","Y",518.407470703125,83.3333333333333
"268","pilot1027034","S","V","N",494.364990234375,100
"269","pilot1027034","S","V","Y",540.765014648438,100
"270","pilot1027035","L","H","N",521.394897460938,66.6666666666667
"271","pilot1027035","L","H","Y",651.039794921875,100
"272","pilot1027035","L","V","N",620.990234375,90
"273","pilot1027035","L","V","Y",521.054931640625,100
"274","pilot1027035","S","H","N",548.48486328125,100
"275","pilot1027035","S","H","Y",528.24755859375,83.3333333333333
"276","pilot1027035","S","V","N",503.037475585938,100
"277","pilot1027035","S","V","Y",709,75
"278","pilot1027036","L","H","N",556.525024414062,100
"279","pilot1027036","L","H","Y",615,100
"280","pilot1027036","L","V","N",622.112915039062,90.9090909090909
"281","pilot1027036","L","V","Y",614.949951171875,91.6666666666667
"282","pilot1027036","S","H","N",593.709838867188,100
"283","pilot1027036","S","H","Y",597.235107421875,91.6666666666667
"284","pilot1027036","S","V","N",584.485107421875,100
"285","pilot1027036","S","V","Y",420.429931640625,75
"286","pilot1027037","L","H","N",774.597534179688,100
"287","pilot1027037","L","H","Y",576.199951171875,100
"288","pilot1027037","L","V","N",718.0625,90.9090909090909
"289","pilot1027037","L","V","Y",690.307495117188,100
"290","pilot1027037","S","H","N",549.7548828125,91.6666666666667
"291","pilot1027037","S","H","Y",598.259887695312,90.9090909090909
"292","pilot1027037","S","V","N",461.200073242188,100
"293","pilot1027037","S","V","Y",518.614990234375,100
"294","pilot1027038","L","H","N",608.8525390625,85.7142857142857
"295","pilot1027038","L","H","Y",575.43505859375,100
"296","pilot1027038","L","V","N",691.125,91.6666666666667
"297","pilot1027038","L","V","Y",539.4951171875,83.3333333333333
"298","pilot1027038","S","H","N",692.887451171875,83.3333333333333
"299","pilot1027038","S","H","Y",508.484985351562,90.9090909090909
"300","pilot1027038","S","V","N",598.497436523438,100
"301","pilot1027038","S","V","Y",582.00244140625,80
"302","pilot1027039","L","H","N",658.5,100
"303","pilot1027039","L","H","Y",575.64990234375,100
"304","pilot1027039","L","V","N",688.5849609375,100
"305","pilot1027039","L","V","Y",529.1650390625,100
"306","pilot1027039","S","H","N",635.780029296875,100
"307","pilot1027039","S","H","Y",537.0048828125,90
"308","pilot1027039","S","V","N",555.705078125,100
"309","pilot1027039","S","V","Y",700.597412109375,100
"310","pilot1027040","L","H","N",693.81494140625,100
"311","pilot1027040","L","H","Y",644.50244140625,90.9090909090909
"312","pilot1027040","L","V","N",628.962524414062,83.3333333333333
"313","pilot1027040","L","V","Y",543.732421875,90.9090909090909
"314","pilot1027040","S","H","N",628.837524414062,83.3333333333333
"315","pilot1027040","S","H","Y",550.60009765625,81.8181818181818
"316","pilot1027040","S","V","N",584.6201171875,100
"317","pilot1027040","S","V","Y",796.0048828125,83.3333333333333
"318","pilot1027041","L","H","N",614.567504882812,100
"319","pilot1027041","L","H","Y",573.755004882812,85.7142857142857
"320","pilot1027041","L","V","N",646.4501953125,81.8181818181818
"321","pilot1027041","L","V","Y",586.357421875,100
"322","pilot1027041","S","H","N",569.662475585938,83.3333333333333
"323","pilot1027041","S","H","Y",525.89501953125,100
"324","pilot1027041","S","V","N",483.362426757812,66.6666666666667
"325","pilot1027041","S","V","Y",668.73486328125,100
"326","pilot1027042","L","H","N",678.628662109375,85.7142857142857
"327","pilot1027042","L","H","Y",519.227416992188,100
"328","pilot1027042","L","V","N",621.639892578125,91.6666666666667
"329","pilot1027042","L","V","Y",530.10498046875,81.8181818181818
"330","pilot1027042","S","H","N",657.9951171875,91.6666666666667
"331","pilot1027042","S","H","Y",544.50244140625,80
"332","pilot1027042","S","V","N",439.85498046875,100
"333","pilot1027042","S","V","Y",499.625,100
"334","pilot1027043","L","H","N",657.949951171875,100
"335","pilot1027043","L","H","Y",734.242553710938,85.7142857142857
"336","pilot1027043","L","V","N",641.829956054688,90.9090909090909
"337","pilot1027043","L","V","Y",719.910034179688,100
"338","pilot1027043","S","H","N",572.529907226562,100
"339","pilot1027043","S","H","Y",604.392456054688,88.8888888888889
"340","pilot1027043","S","V","N",554.05517578125,100
"341","pilot1027043","S","V","Y",563.792602539062,75
"342","pilot1027044","L","H","N",565.517456054688,85.7142857142857
"343","pilot1027044","L","H","Y",641.00244140625,90.9090909090909
"344","pilot1027044","L","V","N",641.067626953125,100
"345","pilot1027044","L","V","Y",576.8525390625,80
"346","pilot1027044","S","H","N",615.294921875,66.6666666666667
"347","pilot1027044","S","H","Y",553.0048828125,100
"348","pilot1027044","S","V","N",492.0048828125,100
"349","pilot1027044","S","V","Y",585.150024414062,100
"350","pilot1027045","L","H","N",515.369995117188,100
"351","pilot1027045","L","H","Y",752.51513671875,87.5
"352","pilot1027045","L","V","N",588.6298828125,90.9090909090909
"353","pilot1027045","L","V","Y",507.037353515625,66.6666666666667
"354","pilot1027045","S","H","N",536.0849609375,91.6666666666667
"355","pilot1027045","S","H","Y",585.68017578125,100
"356","pilot1027045","S","V","N",465.0048828125,60
"357","pilot1027045","S","V","Y",570.074951171875,87.5
"358","pilot1027046","L","H","N",521.08740234375,100
"359","pilot1027046","L","H","Y",631,100
"360","pilot1027046","L","V","N",585.630126953125,91.6666666666667
"361","pilot1027046","L","V","Y",609.010009765625,88.8888888888889
"362","pilot1027046","S","H","N",734.197387695312,83.3333333333333
"363","pilot1027046","S","H","Y",562.0625,100
"364","pilot1027046","S","V","N",553.037475585938,100
"365","pilot1027046","S","V","Y",629.382446289062,100
"366","pilot1027047","L","H","N",627.367553710938,100
"367","pilot1027047","L","H","Y",677.294921875,88.8888888888889
"368","pilot1027047","L","V","N",570.030029296875,81.8181818181818
"369","pilot1027047","L","V","Y",525.875,50
"370","pilot1027047","S","H","N",527.5048828125,100
"371","pilot1027047","S","H","Y",539.4599609375,100
"372","pilot1027047","S","V","N",776.569946289062,80
"373","pilot1027047","S","V","Y",713.97998046875,100
"374","pilot1027048","L","H","N",576.217529296875,100
"375","pilot1027048","L","H","Y",591.409912109375,91.6666666666667
"376","pilot1027048","L","V","N",646,91.6666666666667
"377","pilot1027048","L","V","Y",575.452514648438,100
"378","pilot1027048","S","H","N",655.8349609375,100
"379","pilot1027048","S","H","Y",640.775146484375,100
"380","pilot1027048","S","V","N",592.030029296875,100
"381","pilot1027048","S","V","Y",551.337524414062,100
"382","pilot1027049","L","H","N",662.159912109375,100
"383","pilot1027049","L","H","Y",573.319946289062,88.8888888888889
"384","pilot1027049","L","V","N",595.147583007812,88.8888888888889
"385","pilot1027049","L","V","Y",619.094970703125,100
"386","pilot1027049","S","H","N",526.275146484375,91.6666666666667
"387","pilot1027049","S","H","Y",723.555053710938,100
"388","pilot1027049","S","V","N",660.222534179688,100
"389","pilot1027049","S","V","Y",619.812622070312,100
"390","pilot1027050","L","H","N",598.742919921875,88.8888888888889
"391","pilot1027050","L","H","Y",660.429931640625,100
"392","pilot1027050","L","V","N",477.784912109375,81.8181818181818
"393","pilot1027050","L","V","Y",585.842407226562,100
"394","pilot1027050","S","H","N",511.275024414062,100
"395","pilot1027050","S","H","Y",685.6025390625,100
"396","pilot1027050","S","V","N",616.169921875,100
"397","pilot1027050","S","V","Y",627.945068359375,75
"398","pilot1027051","L","H","N",800.8125,100
"399","pilot1027051","L","H","Y",612.949951171875,88.8888888888889
"400","pilot1027051","L","V","N",579.784912109375,87.5
"401","pilot1027051","L","V","Y",497.0048828125,100
"402","pilot1027051","S","H","N",534.3525390625,100
"403","pilot1027051","S","H","Y",576,100
"404","pilot1027051","S","V","N",634,100
"405","pilot1027051","S","V","Y",616.727416992188,100
"406","pilot1027052","L","H","N",548.409912109375,90
"407","pilot1027052","L","H","Y",634.702514648438,92.3076923076923
"408","pilot1027052","L","V","N",546.330078125,90
"409","pilot1027052","L","V","Y",619.857421875,85.7142857142857
"410","pilot1027052","S","H","N",567.612426757812,100
"411","pilot1027052","S","H","Y",576.97998046875,100
"412","pilot1027052","S","V","N",630,100
"413","pilot1027052","S","V","Y",640,100
"414","pilot1027053","L","H","N",786.487426757812,100
"415","pilot1027053","L","H","Y",573.525146484375,100
"416","pilot1027053","L","V","N",573.324951171875,100
"417","pilot1027053","L","V","Y",422.282592773438,100
"418","pilot1027053","S","H","N",642.405029296875,91.6666666666667
"419","pilot1027053","S","H","Y",664.00244140625,50
"420","pilot1027053","S","V","N",686.4375,100
"421","pilot1027053","S","V","Y",488.800048828125,100
"422","pilot1027054","L","H","N",580.46484375,100
"423","pilot1027054","L","H","Y",512.1298828125,91.6666666666667
"424","pilot1027054","L","V","N",529.219970703125,70
"425","pilot1027054","L","V","Y",600.4150390625,100
"426","pilot1027054","S","H","N",629.492553710938,100
"427","pilot1027054","S","H","Y",605.619873046875,100
"428","pilot1027054","S","V","N",565,87.5
"429","pilot1027054","S","V","Y",633.5048828125,100
"430","pilot1027055","L","H","N",568.599975585938,85.7142857142857
"431","pilot1027055","L","H","Y",561.460083007812,88.8888888888889
"432","pilot1027055","L","V","N",495.0048828125,71.4285714285714
"433","pilot1027055","L","V","Y",655.47998046875,100
"434","pilot1027055","S","H","N",615.898681640625,90.9090909090909
"435","pilot1027055","S","H","Y",683.83251953125,80
"436","pilot1027055","S","V","N",624.5,100
"437","pilot1027055","S","V","Y",550.5,100
"438","pilot1027056","L","H","N",582.552490234375,76.9230769230769
"439","pilot1027056","L","H","Y",676.489990234375,91.6666666666667
"440","pilot1027056","L","V","N",527.8701171875,77.7777777777778
"441","pilot1027056","L","V","Y",550.387573242188,100
"442","pilot1027056","S","H","N",566.902465820312,90.9090909090909
"443","pilot1027056","S","H","Y",632.1650390625,100
"444","pilot1027056","S","V","N",580.037475585938,100
"445","pilot1027056","S","V","Y",606.000122070312,100
"446","pilot1027057","L","H","N",529.174926757812,100
"447","pilot1027057","L","H","Y",613.89990234375,87.5
"448","pilot1027057","L","V","N",520.574951171875,60
"449","pilot1027057","L","V","Y",461.427490234375,66.6666666666667
"450","pilot1027057","S","H","N",765.805053710938,100
"451","pilot1027057","S","H","Y",515.12744140625,100
"452","pilot1027057","S","V","N",620.542602539062,100
"453","pilot1027057","S","V","Y",526.819946289062,100
"454","pilot1027058","L","H","N",515.070068359375,86.6666666666667
"455","pilot1027058","L","H","Y",564.00244140625,100
"456","pilot1027058","L","V","N",851.0048828125,42.8571428571429
"457","pilot1027058","L","V","Y",624.530029296875,100
"458","pilot1027058","S","H","N",584.969970703125,81.8181818181818
"459","pilot1027058","S","H","Y",640,100
"460","pilot1027058","S","V","N",528.0048828125,87.5
"461","pilot1027058","S","V","Y",603,87.5
"462","pilot1027059","L","H","N",554.85498046875,87.5
"463","pilot1027059","L","H","Y",603.4599609375,87.5
"464","pilot1027059","L","V","N",721.419921875,75
"465","pilot1027059","L","V","Y",511.927490234375,100
"466","pilot1027059","S","H","N",695.612426757812,100
"467","pilot1027059","S","H","Y",471.35498046875,100
"468","pilot1027059","S","V","N",618.430053710938,100
"469","pilot1027059","S","V","Y",553.85986328125,100
"470","pilot1027060","L","H","N",637.414794921875,92.8571428571429
"471","pilot1027060","L","H","Y",591.735107421875,69.2307692307692
"472","pilot1027060","L","V","N",519.6923828125,66.6666666666667
"473","pilot1027060","L","V","Y",653.73486328125,71.4285714285714
"474","pilot1027060","S","H","N",593.367553710938,80
"475","pilot1027060","S","H","Y",609.9951171875,100
"476","pilot1027060","S","V","N",590.165161132812,75
"477","pilot1027060","S","V","Y",587,100
"478","pilot1027061","L","H","N",626.294921875,100
"479","pilot1027061","L","H","Y",632.199951171875,87.5
"480","pilot1027061","L","V","N",596,75
"481","pilot1027061","L","V","Y",797.897583007812,100
"482","pilot1027061","S","H","N",660.940185546875,100
"483","pilot1027061","S","H","Y",425.474853515625,100
"484","pilot1027061","S","V","N",648.0048828125,87.5
"485","pilot1027061","S","V","Y",632.097412109375,100
"486","pilot1027062","L","H","N",585.73828125,100
"487","pilot1027062","L","H","Y",581.052612304688,92.3076923076923
"488","pilot1027062","L","V","N",597.77001953125,100
"489","pilot1027062","L","V","Y",612.199951171875,100
"490","pilot1027062","S","H","N",645.27001953125,100
"491","pilot1027062","S","H","Y",559.764892578125,100
"492","pilot1027062","S","V","N",494.9599609375,87.5
"493","pilot1027062","S","V","Y",791.66015625,90
"494","pilot1027063","L","H","N",625.755126953125,87.5
"495","pilot1027063","L","H","Y",528.972534179688,75
"496","pilot1027063","L","V","N",593.169921875,100
"497","pilot1027063","L","V","Y",599.319946289062,40
"498","pilot1027063","S","H","N",740.757446289062,100
"499","pilot1027063","S","H","Y",673.650146484375,100
"500","pilot1027063","S","V","N",528.9951171875,87.5
"501","pilot1027063","S","V","Y",660.969970703125,100
"502","pilot1027064","L","H","N",553.534912109375,84.6153846153846
"503","pilot1027064","L","H","Y",551.217529296875,100
"504","pilot1027064","L","V","N",598.419921875,75
"505","pilot1027064","L","V","Y",588.136352539062,88.8888888888889
"506","pilot1027064","S","H","N",608.8349609375,100
"507","pilot1027064","S","H","Y",512.5,100
"508","pilot1027064","S","V","N",592.0048828125,87.5
"509","pilot1027064","S","V","Y",669.927612304688,90.9090909090909
"510","pilot1027065","L","H","N",580.654907226562,100
"511","pilot1027065","L","H","Y",601.5,100
"512","pilot1027065","L","V","N",609.6474609375,100
"513","pilot1027065","L","V","Y",647.5048828125,100
"514","pilot1027065","S","H","N",583.932495117188,100
"515","pilot1027065","S","H","Y",501.132568359375,100
"516","pilot1027065","S","V","N",585.4501953125,87.5
"517","pilot1027065","S","V","Y",625.6650390625,91.6666666666667
"518","pilot1027066","L","H","N",572.659912109375,100
"519","pilot1027066","L","H","Y",579.9951171875,84.6153846153846
"520","pilot1027066","L","V","N",488.219970703125,100
"521","pilot1027066","L","V","Y",673.360107421875,90.9090909090909
"522","pilot1027066","S","H","N",585.47998046875,87.5
"523","pilot1027066","S","H","Y",534.907592773438,80
"524","pilot1027066","S","V","N",540.164916992188,100
"525","pilot1027066","S","V","Y",655.412475585938,90.9090909090909
"526","pilot1027067","L","H","N",738.214965820312,75
"527","pilot1027067","L","H","Y",596,71.4285714285714
"528","pilot1027067","L","V","N",609.505004882812,66.6666666666667
"529","pilot1027067","L","V","Y",670.8798828125,83.3333333333333
"530","pilot1027067","S","H","N",521.02001953125,100
"531","pilot1027067","S","H","Y",648.049926757812,100
"532","pilot1027067","S","V","N",506.00244140625,100
"533","pilot1027067","S","V","Y",646.39453125,91.6666666666667
"534","pilot1027068","L","H","N",635.905029296875,91.6666666666667
"535","pilot1027068","L","H","Y",563.525024414062,83.3333333333333
"536","pilot1027068","L","V","N",488.35986328125,100
"537","pilot1027068","L","V","Y",580.824951171875,81.8181818181818
"538","pilot1027068","S","H","N",584.192504882812,100
"539","pilot1027068","S","H","Y",891.719970703125,75
"540","pilot1027068","S","V","N",541.085083007812,100
"541","pilot1027068","S","V","Y",694.657348632812,100
"542","pilot1027069","L","H","N",627.9248046875,87.5
"543","pilot1027069","L","H","Y",566.944946289062,75
"544","pilot1027069","L","V","N",677.619873046875,100
"545","pilot1027069","L","V","Y",664.9375,75
"546","pilot1027069","S","H","N",752.630126953125,87.5
"547","pilot1027069","S","H","Y",737.054931640625,87.5
"548","pilot1027069","S","V","N",596.977416992188,100
"549","pilot1027069","S","V","Y",641.752563476562,75
"550","pilot1027070","L","H","N",752.18994140625,100
"551","pilot1027070","L","H","Y",576,100
"552","pilot1027070","L","V","N",607.210083007812,100
"553","pilot1027070","L","V","Y",809.30517578125,87.5
"554","pilot1027070","S","H","N",608.03759765625,100
"555","pilot1027070","S","H","Y",610.505615234375,100
"556","pilot1027070","S","V","N",545.03515625,87.5
"557","pilot1027070","S","V","Y",530.862548828125,85.7142857142857
"558","pilot1027071","L","H","N",623.487548828125,100
"559","pilot1027071","L","H","Y",649.93994140625,87.5
"560","pilot1027071","L","V","N",509.487426757812,100
"561","pilot1027071","L","V","Y",515.925048828125,87.5
"562","pilot1027071","S","H","N",552,100
"563","pilot1027071","S","H","Y",646.847534179688,88.8888888888889
"564","pilot1027071","S","V","N",503.257568359375,100
"565","pilot1027071","S","V","Y",603.925048828125,100
"566","pilot1027072","L","H","N",669.724975585938,100
"567","pilot1027072","L","H","Y",586.394897460938,75
"568","pilot1027072","L","V","N",635.864990234375,100
"569","pilot1027072","L","V","Y",721.25,42.8571428571429
"570","pilot1027072","S","H","N",531.007446289062,100
"571","pilot1027072","S","H","Y",633.202514648438,100
"572","pilot1027072","S","V","N",615.655029296875,100
"573","pilot1027072","S","V","Y",565.070068359375,100
"574","pilot1027073","L","H","N",480,77.7777777777778
"575","pilot1027073","L","H","Y",568.31005859375,85.7142857142857
"576","pilot1027073","L","V","N",649.947387695312,88.8888888888889
"577","pilot1027073","L","V","Y",667.64013671875,85.7142857142857
"578","pilot1027073","S","H","N",483.10009765625,87.5
"579","pilot1027073","S","H","Y",660.60498046875,100
"580","pilot1027073","S","V","N",521.070068359375,100
"581","pilot1027073","S","V","Y",629.50244140625,88.8888888888889
"582","pilot1027074","L","H","N",789.08251953125,66.6666666666667
"583","pilot1027074","L","H","Y",593.972534179688,100
"584","pilot1027074","L","V","N",633,75
"585","pilot1027074","L","V","Y",620.280029296875,100
"586","pilot1027074","S","H","N",531.55517578125,83.3333333333333
"587","pilot1027074","S","H","Y",530,87.5
"588","pilot1027074","S","V","N",579.022583007812,100
"589","pilot1027074","S","V","Y",650.502563476562,100
"590","pilot1027075","L","H","N",683.702514648438,100
"591","pilot1027075","L","H","Y",622.940063476562,100
"592","pilot1027075","L","V","N",681.470092773438,85.7142857142857
"593","pilot1027075","L","V","Y",620.579833984375,100
"594","pilot1027075","S","H","N",596.949951171875,100
"595","pilot1027075","S","H","Y",581.10693359375,100
"596","pilot1027075","S","V","N",570.70751953125,100
"597","pilot1027075","S","V","Y",491.0400390625,100
"598","pilot1027076","L","H","N",810.96484375,87.5
"599","pilot1027076","L","H","Y",708.70263671875,100
"600","pilot1027076","L","V","N",492.1650390625,100
"601","pilot1027076","L","V","Y",575.83984375,62.5
"602","pilot1027076","S","H","N",577.99755859375,100
"603","pilot1027076","S","H","Y",514.927612304688,100
"604","pilot1027076","S","V","N",578.5400390625,100
"605","pilot1027076","S","V","Y",604.691650390625,100
"606","pilot1027077","L","H","N",669,77.7777777777778
"607","pilot1027077","L","H","Y",598.9599609375,100
"608","pilot1027077","L","V","N",625.287475585938,80
"609","pilot1027077","L","V","Y",580,55.5555555555556
"610","pilot1027077","S","H","N",554,87.5
"611","pilot1027077","S","H","Y",615.2724609375,100
"612","pilot1027077","S","V","N",701.440063476562,100
"613","pilot1027077","S","V","Y",574.02490234375,87.5
"614","pilot1027078","L","H","N",639.01513671875,100
"615","pilot1027078","L","H","Y",535.072509765625,85.7142857142857
"616","pilot1027078","L","V","N",714.895751953125,83.3333333333333
"617","pilot1027078","L","V","Y",579.679931640625,100
"618","pilot1027078","S","H","N",547.670043945312,100
"619","pilot1027078","S","H","Y",565.069946289062,75
"620","pilot1027078","S","V","N",595.24755859375,100
"621","pilot1027078","S","V","Y",621.320068359375,100
"622","pilot1027079","L","H","N",751.797485351562,85.7142857142857
"623","pilot1027079","L","H","Y",546.47509765625,100
"624","pilot1027079","L","V","N",575.639892578125,100
"625","pilot1027079","L","V","Y",607,100
"626","pilot1027079","S","H","N",661.8701171875,87.5
"627","pilot1027079","S","H","Y",601.579956054688,100
"628","pilot1027079","S","V","N",644.232421875,87.5
"629","pilot1027079","S","V","Y",640.217651367188,100
"630","pilot1027080","L","H","N",608.034912109375,85.7142857142857
"631","pilot1027080","L","H","Y",581.507446289062,100
"632","pilot1027080","L","V","N",641.68994140625,90.9090909090909
"633","pilot1027080","L","V","Y",626.385009765625,100
"634","pilot1027080","S","H","N",539.485107421875,100
"635","pilot1027080","S","H","Y",554.490112304688,85.7142857142857
"636","pilot1027080","S","V","N",504.0048828125,100
"637","pilot1027080","S","V","Y",602.6201171875,100
"638","pilot1027081","L","H","N",555.77490234375,87.5
"639","pilot1027081","L","H","Y",650.702392578125,100
"640","pilot1027081","L","V","N",667.544921875,100
"641","pilot1027081","L","V","Y",628.974853515625,100
"642","pilot1027081","S","H","N",590,100
"643","pilot1027081","S","H","Y",571.454956054688,100
"644","pilot1027081","S","V","N",544.107543945312,88.8888888888889
"645","pilot1027081","S","V","Y",559.494995117188,100
"646","pilot1027082","L","H","N",587.805053710938,75
"647","pilot1027082","L","H","Y",673.032592773438,100
"648","pilot1027082","L","V","N",600.692626953125,88.8888888888889
"649","pilot1027082","L","V","Y",681.860107421875,71.4285714285714
"650","pilot1027082","S","H","N",519.876831054688,88.8888888888889
"651","pilot1027082","S","H","Y",621.60498046875,88.8888888888889
"652","pilot1027082","S","V","N",534.06005859375,100
"653","pilot1027082","S","V","Y",641,100
"654","pilot1027083","L","H","N",702.705078125,85.7142857142857
"655","pilot1027083","L","H","Y",630.900024414062,100
"656","pilot1027083","L","V","N",715.0048828125,87.5
"657","pilot1027083","L","V","Y",748,100
"658","pilot1027083","S","H","N",549.9150390625,100
"659","pilot1027083","S","H","Y",628.27490234375,100
"660","pilot1027083","S","V","N",661,100
"661","pilot1027083","S","V","Y",548.0625,88.8888888888889
"662","pilot1027084","L","H","N",572.20751953125,85.7142857142857
"663","pilot1027084","L","H","Y",707.8974609375,88.8888888888889
"664","pilot1027084","L","V","N",607.567504882812,100
"665","pilot1027084","L","V","Y",597.045166015625,87.5
"666","pilot1027084","S","H","N",646.157592773438,85.7142857142857
"667","pilot1027084","S","H","Y",479.72998046875,100
"668","pilot1027084","S","V","N",564.47509765625,87.5
"669","pilot1027084","S","V","Y",507.0849609375,90
"670","pilot1027085","L","H","N",640.902587890625,100
"671","pilot1027085","L","H","Y",655.14599609375,100
"672","pilot1027085","L","V","N",542.545166015625,100
"673","pilot1027085","L","V","Y",612.2724609375,85.7142857142857
"674","pilot1027085","S","H","N",632.75,100
"675","pilot1027085","S","H","Y",591.93505859375,87.5
"676","pilot1027085","S","V","N",512.43017578125,87.5
"677","pilot1027085","S","V","Y",495.93505859375,100
"678","pilot1027086","L","H","N",658.447509765625,75
"679","pilot1027086","L","H","Y",657.2099609375,90
"680","pilot1027086","L","V","N",608.247436523438,85.7142857142857
"681","pilot1027086","L","V","Y",533.005004882812,85.7142857142857
"682","pilot1027086","S","H","N",521.10888671875,87.5
"683","pilot1027086","S","H","Y",605.634887695312,100
"684","pilot1027086","S","V","N",629.952392578125,100
"685","pilot1027086","S","V","Y",602.880004882812,75
"686","pilot1027087","L","H","N",625.1650390625,100
"687","pilot1027087","L","H","Y",734.02490234375,100
"688","pilot1027087","L","V","N",575.862426757812,80
"689","pilot1027087","L","V","Y",648.552490234375,88.8888888888889
"690","pilot1027087","S","H","N",509.864990234375,100
"691","pilot1027087","S","H","Y",528.690185546875,87.5
"692","pilot1027087","S","V","N",678.2548828125,87.5
"693","pilot1027087","S","V","Y",586.9951171875,87.5
"694","pilot1027088","L","H","N",627.260009765625,90
"695","pilot1027088","L","H","Y",574.5,85.7142857142857
"696","pilot1027088","L","V","N",655.182495117188,100
"697","pilot1027088","L","V","Y",720.289916992188,88.8888888888889
"698","pilot1027088","S","H","N",548.832397460938,100
"699","pilot1027088","S","H","Y",626.784912109375,87.5
"700","pilot1027088","S","V","N",557.625,100
"701","pilot1027088","S","V","Y",536.136474609375,87.5
"702","pilot1027089","L","H","N",711.919921875,100
"703","pilot1027089","L","H","Y",674.44482421875,83.3333333333333
"704","pilot1027089","L","V","N",580.575073242188,80
"705","pilot1027089","L","V","Y",782.029296875,100
"706","pilot1027089","S","H","N",614,62.5
"707","pilot1027089","S","H","Y",558.727661132812,100
"708","pilot1027089","S","V","N",626,87.5
"709","pilot1027089","S","V","Y",533.97998046875,87.5
"710","pilot1027090","L","H","N",674.010009765625,83.3333333333333
"711","pilot1027090","L","H","Y",617.437622070312,100
"712","pilot1027090","L","V","N",576.667236328125,80
"713","pilot1027090","L","V","Y",656.64990234375,90
"714","pilot1027090","S","H","N",568.267456054688,85.7142857142857
"715","pilot1027090","S","H","Y",616.384155273438,100
"716","pilot1027090","S","V","N",526.50244140625,88.8888888888889
"717","pilot1027090","S","V","Y",640.532592773438,100
"718","pilot1027091","L","H","N",637.875,71.4285714285714
"719","pilot1027091","L","H","Y",552.5048828125,100
"720","pilot1027091","L","V","N",703.10986328125,90
"721","pilot1027091","L","V","Y",537.2548828125,87.5
"722","pilot1027091","S","H","N",517.715087890625,85.7142857142857
"723","pilot1027091","S","H","Y",608.737426757812,88.8888888888889
"724","pilot1027091","S","V","N",549.705078125,100
"725","pilot1027091","S","V","Y",608.6650390625,100
"726","pilot1027092","L","H","N",562,87.5
"727","pilot1027092","L","H","Y",689.35498046875,87.5
"728","pilot1027092","L","V","N",514.930053710938,88.8888888888889
"729","pilot1027092","L","V","Y",611.824951171875,100
"730","pilot1027092","S","H","N",667.5,100
"731","pilot1027092","S","H","Y",500.64990234375,100
"732","pilot1027092","S","V","N",650.385009765625,100
"733","pilot1027092","S","V","Y",707.864990234375,100
"734","pilot1027093","L","H","N",665.742553710938,100
"735","pilot1027093","L","H","Y",681.05517578125,87.5
"736","pilot1027093","L","V","N",860.199829101562,88.8888888888889
"737","pilot1027093","L","V","Y",541.114990234375,100
"738","pilot1027093","S","H","N",568.81005859375,100
"739","pilot1027093","S","H","Y",577.617553710938,85.7142857142857
"740","pilot1027093","S","V","N",614.191528320312,100
"741","pilot1027093","S","V","Y",554.844970703125,100
"742","pilot1027094","L","H","N",619.694946289062,100
"743","pilot1027094","L","H","Y",602.405395507812,88.8888888888889
"744","pilot1027094","L","V","N",637.669921875,87.5
"745","pilot1027094","L","V","Y",613.114990234375,71.4285714285714
"746","pilot1027094","S","H","N",615.33251953125,100
"747","pilot1027094","S","H","Y",606.0048828125,100
"748","pilot1027094","S","V","N",538.224975585938,88.8888888888889
"749","pilot1027094","S","V","Y",566.1650390625,100
"750","pilot1027095","L","H","N",741.0048828125,87.5
"751","pilot1027095","L","H","Y",592.0048828125,90
"752","pilot1027095","L","V","N",541.15478515625,83.3333333333333
"753","pilot1027095","L","V","Y",791,100
"754","pilot1027095","S","H","N",606.1826171875,100
"755","pilot1027095","S","H","Y",552.0048828125,87.5
"756","pilot1027095","S","V","N",566.22998046875,87.5
"757","pilot1027095","S","V","Y",737.244384765625,100
"758","pilot1027096","L","H","N",618.572509765625,75
"759","pilot1027096","L","H","Y",647.8701171875,90
"760","pilot1027096","L","V","N",606.699951171875,100
"761","pilot1027096","L","V","Y",521.6025390625,85.7142857142857
"762","pilot1027096","S","H","N",506.797607421875,85.7142857142857
"763","pilot1027096","S","H","Y",562.49755859375,100
"764","pilot1027096","S","V","N",551.052612304688,100
"765","pilot1027096","S","V","Y",582.135009765625,100
"766","pilot1027097","L","H","N",605.659912109375,88.8888888888889
"767","pilot1027097","L","H","Y",594.3701171875,100
"768","pilot1027097","L","V","N",658.39501953125,83.3333333333333
"769","pilot1027097","L","V","Y",658.347534179688,100
"770","pilot1027097","S","H","N",538.95751953125,100
"771","pilot1027097","S","H","Y",568.430053710938,100
"772","pilot1027097","S","V","N",508.784912109375,87.5
"773","pilot1027097","S","V","Y",529.679931640625,87.5
"774","pilot1027098","L","H","N",672.22509765625,100
"775","pilot1027098","L","H","Y",650.39013671875,100
"776","pilot1027098","L","V","N",637.532470703125,100
"777","pilot1027098","L","V","Y",745.5849609375,88.8888888888889
"778","pilot1027098","S","H","N",522.4375,100
"779","pilot1027098","S","H","Y",473.47509765625,100
"780","pilot1027098","S","V","N",693.9951171875,62.5
"781","pilot1027098","S","V","Y",545.784912109375,87.5
"782","pilot1027099","L","H","N",607.14990234375,87.5
"783","pilot1027099","L","H","Y",607,100
"784","pilot1027099","L","V","N",737.465087890625,87.5
"785","pilot1027099","L","V","Y",683.889892578125,100
"786","pilot1027099","S","H","N",521.479858398438,100
"787","pilot1027099","S","H","Y",596.287475585938,100
"788","pilot1027099","S","V","N",556,87.5
"789","pilot1027099","S","V","Y",531.73486328125,100
"790","pilot1027100","L","H","N",692.00732421875,100
"791","pilot1027100","L","H","Y",692.099975585938,85.7142857142857
"792","pilot1027100","L","V","N",709.99755859375,80
"793","pilot1027100","L","V","Y",604.860107421875,100
"794","pilot1027100","S","H","N",598.18017578125,100
"795","pilot1027100","S","H","Y",604.81005859375,100
"796","pilot1027100","S","V","N",551.465087890625,87.5
"797","pilot1027100","S","V","Y",700.065185546875,87.5
